Date,Close
2010-01-04,5569.74
2010-01-05,5569.74
2010-01-06,5572.34
2010-01-07,5578.52
2010-01-08,5578.52
2010-01-11,5572.41
2010-01-12,5572.41
2010-01-13,5575
2010-01-14,5465.35
2010-01-15,5473.46
2010-01-18,5467.34
2010-01-19,5467.09
2010-01-20,5467.09
2010-01-21,5476.25
2010-01-22,5476.25
2010-01-25,5590.91
2010-01-26,5594.99
2010-01-27,5590.25
2010-01-28,5618
2010-01-29,5625.42
2010-02-01,5647.7
2010-02-02,5641.21
2010-02-03,5644
2010-02-04,5648.91
2010-02-05,5648.91
2010-02-08,5652.69
2010-02-09,5677.54
2010-02-10,5592.7
2010-02-11,5626.78
2010-02-12,5613.25
2010-02-15,5623.26
2010-02-16,5629.78
2010-02-17,5633.62
2010-02-18,5634.34
2010-02-19,5639.37
2010-02-22,5643.71
2010-02-23,5640.56
2010-02-24,5644.37
2010-02-25,5654.88
2010-02-26,5541.15
2010-03-01,5558.14
2010-03-02,5595.18
2010-03-03,5704.54
2010-03-04,5708.01
2010-03-05,5838.65
2010-03-09,5747.02
2010-03-10,5773.77
2010-03-11,5780.08
2010-03-12,5780.08
2010-03-15,5788.59
2010-03-16,5796.82
2010-03-17,5816.57
2010-03-18,5834.89
2010-03-19,5826.05
2010-03-22,5841.71
2010-03-23,5840.85
2010-03-24,5847.71
2010-03-25,5860.16
2010-03-26,5881.79
2010-03-29,5889.34
2010-03-30,6027.28
2010-03-31,6014.34
2010-04-01,6041.18
2010-04-06,6041.18
2010-04-07,6277.62
2010-04-08,6116.77
2010-04-09,6128.94
2010-04-12,6133.32
2010-04-13,6155.03
2010-04-14,6166.89
2010-04-15,6182.03
2010-04-16,6163.87
2010-04-19,6163.09
2010-04-20,6176.87
2010-04-21,6207.26
2010-04-22,6243.64
2010-04-23,6449.38
2010-04-26,6457.38
2010-04-27,6469.36
2010-04-28,6462.41
2010-04-29,6493.29
2010-04-30,6518.88
2010-05-04,6568.61
2010-05-05,6709.68
2010-05-06,6833.61
2010-05-07,6851.96
2010-05-10,6869.26
2010-05-11,7007.38
2010-05-12,7028.61
2010-05-13,7064.81
2010-05-14,7085.78
2010-05-17,7072.71
2010-05-18,7037.66
2010-05-19,6995.61
2010-05-20,7083.577
2010-05-21,7114.51
2010-05-24,7134.3
2010-05-26,7143.73
2010-05-27,7070.8
2010-05-28,7130.15
2010-05-31,7172.08
2010-06-01,7185.05
2010-06-02,7093.02
2010-06-03,7095.5
2010-06-04,6997.25
2010-06-07,6967.92
2010-06-08,6801.78
2010-06-09,6647.69
2010-06-10,6635.17
2010-06-11,6598.97
2010-06-14,6513.45
2010-06-15,6476.54
2010-06-16,6433.91
2010-06-17,6530.15
2010-06-18,6616.2
2010-06-21,6780.87
2010-06-22,6709.76
2010-06-23,6705.5
2010-06-24,6709.13
2010-06-25,6600.59
2010-06-28,6595.11
2010-06-29,6591.16
2010-06-30,6591.101
2010-07-02,6591.101
2010-07-05,6558.68
2010-07-06,6545.5
2010-07-07,6528.28
2010-07-08,6445.07
2010-07-09,6522.01
2010-07-12,6413.78
2010-07-13,6279
2010-07-14,6167.95
2010-07-15,6173.1
2010-07-16,6291.68
2010-07-19,6289.24
2010-07-20,6265.33
2010-07-21,6260.6
2010-07-22,6245.77
2010-07-23,6246.91
2010-07-26,6287.71
2010-07-27,6366.21
2010-07-28,6386.52
2010-07-29,6388.59
2010-07-30,6394.02
2010-08-02,6290.73
2010-08-03,6281.84
2010-08-04,6296.11
2010-08-05,6243.26
2010-08-06,6254.03
2010-08-09,6255.44
2010-08-10,6265.32
2010-08-11,6389.98
2010-08-12,6385.97
2010-08-13,6427.77
2010-08-16,6455.23
2010-08-17,6454.01
2010-08-18,6497.1
2010-08-19,6628.41
2010-08-20,6650.56
2010-08-23,6548.39
2010-08-24,6656.82
2010-08-25,6676.41
2010-08-26,6575.76
2010-08-27,6788.41
2010-08-30,6795.71
2010-08-31,6821.8
2010-09-01,6737.75
2010-09-02,6767.65
2010-09-03,6665.36
2010-09-06,6734.72
2010-09-07,6791.69
2010-09-08,6779.26
2010-09-09,6779.26
2010-09-13,6759.12
2010-09-14,6782.48
2010-09-15,6680.18
2010-09-16,6780.82
2010-09-17,6793.86
2010-09-20,6810.67
2010-09-22,6807.57
2010-09-23,6844.01
2010-09-24,6668.72
2010-09-27,6651.81
2010-09-28,6653.57
2010-09-29,6781.43
2010-09-30,6835.71
2010-10-01,6947.69
2010-10-04,6799.37
2010-10-05,6811.31
2010-10-06,6817.87
2010-10-07,6695.22
2010-10-08,6690.1
2010-10-11,6831.78
2010-10-12,6871.91
2010-10-13,6862.74
2010-10-14,6756.37
2010-10-15,6730.9
2010-10-18,6734.16
2010-10-19,6864.69
2010-10-20,6862.27
2010-10-21,6865.85
2010-10-22,6755.46
2010-10-25,6759.08
2010-10-26,6756.37
2010-10-27,6876.55
2010-10-28,6820.04
2010-10-29,6886.3
2010-11-01,6744.65
2010-11-02,6752.74
2010-11-03,6896.52
2010-11-04,6907.62
2010-11-05,6914.81
2010-11-08,6779.06
2010-11-09,6900.34
2010-11-10,6807.39
2010-11-11,6818.69
2010-11-12,6806.13
2010-11-15,6808.32
2010-11-17,6823.82
2010-11-18,6949.69
2010-11-19,7003.2
2010-11-22,6994.57
2010-11-23,7023.54
2010-11-24,7021.37
2010-11-25,6936.67
2010-11-26,6948.06
2010-11-29,7058.01
2010-11-30,7101.23
2010-12-01,7090.89
2010-12-02,6990.5
2010-12-06,6976.1
2010-12-07,7082.84
2010-12-08,7122.96
2010-12-09,7136.19
2010-12-10,7238.03
2010-12-13,7196.01
2010-12-14,7116.29
2010-12-15,7078.57
2010-12-16,7281.71
2010-12-17,7287.23
2010-12-20,7218.65
2010-12-21,7186.51
2010-12-22,7176.4
2010-12-23,7175.39
2010-12-24,7155.3
2010-12-29,7200.81
2010-12-30,7223.77
2010-12-31,7369.21
2011-01-04,992.25
2011-01-05,991.08
2011-01-06,993.89
2011-01-07,995.5
2011-01-17,997.75
2011-01-18,1001.24
2011-01-19,1004.8
2011-01-20,1007.72
2011-01-21,1016.5
2011-01-24,1019.52
2011-01-25,1022.35
2011-01-26,1024.19
2011-01-27,1044.9
2011-01-28,1052.98
2011-01-31,1057.14
2011-02-01,1049.66
2011-02-02,1051.25
2011-02-03,1059.28
2011-02-04,1059.38
2011-02-07,1050.35
2011-02-08,1049.11
2011-02-09,1052.14
2011-02-10,1056.02
2011-02-11,1057.1
2011-02-14,1054.56
2011-02-15,1052.62
2011-02-16,1049.64
2011-02-17,1048.78
2011-02-18,1052.06
2011-02-21,1044.4
2011-02-22,1044.58
2011-02-23,1042.35
2011-02-24,1045.74
2011-02-25,1045.5
2011-02-28,1051.83
2011-03-01,1049.63
2011-03-02,1041
2011-03-03,1040.51
2011-03-04,1054.11
2011-03-08,1058.81
2011-03-09,1059.89
2011-03-10,1053.1
2011-03-11,1051.8
2011-03-14,1062.89
2011-03-15,1066.23
2011-03-16,1070.78
2011-03-17,1077.57
2011-03-18,1077.57
2011-03-21,1064.83
2011-03-22,1065.46
2011-03-23,1074.12
2011-03-24,1057.68
2011-03-25,1058.92
2011-03-28,1069.01
2011-03-29,1069.02
2011-03-30,1059.07
2011-03-31,1071.5
2011-04-01,1067.91
2011-04-04,1068.2
2011-04-05,1063.51
2011-04-06,1063.05
2011-04-07,1064.16
2011-04-08,1064.02
2011-04-11,1050.07
2011-04-12,1053.15
2011-04-13,1046.08
2011-04-14,1058.88
2011-04-15,1061.9
2011-04-18,1063.54
2011-04-19,1075.96
2011-04-20,1074.13
2011-04-21,1082.02
2011-04-26,1089.83
2011-04-27,1090.76
2011-04-28,1098.88
2011-04-29,1100.38
2011-05-03,1114.85
2011-05-04,1139.63
2011-05-05,1141.15
2011-05-06,1147.54
2011-05-09,1160.49
2011-05-10,1151.7
2011-05-11,1151.07
2011-05-12,1151.98
2011-05-13,1155.6
2011-05-16,1167.99
2011-05-17,1176.24
2011-05-18,1189.77
2011-05-19,1178.53
2011-05-20,1178.6
2011-05-23,1179.62
2011-05-24,1178.94
2011-05-26,1168.8
2011-05-27,1162.67
2011-05-30,1162.73
2011-05-31,1162.78
2011-06-01,1162.91
2011-06-02,1163.15
2011-06-03,1165.84
2011-06-06,1168.85
2011-06-07,1170.53
2011-06-08,1169.27
2011-06-09,1170.159
2011-06-10,1178.87
2011-06-13,1181.19
2011-06-14,1174.89
2011-06-15,1175.89
2011-06-16,1175.3
2011-06-17,1180.17
2011-06-20,1179.09
2011-06-21,1188.23
2011-06-22,1186.57
2011-06-23,1185.75
2011-06-24,1178.99
2011-06-27,1179.39
2011-06-28,1179.05
2011-06-29,1181.1
2011-06-30,1188.91
2011-07-04,1187.56
2011-07-05,1186.93
2011-07-06,1187.13
2011-07-07,1186.25
2011-07-08,1185.5
2011-07-11,1182.77
2011-07-12,1182.39
2011-07-13,1181.37
2011-07-14,1175.04
2011-07-15,1174.09
2011-07-18,1176.58
2011-07-19,1177.34
2011-07-20,1176.37
2011-07-21,1183.06
2011-07-22,1178.15
2011-07-25,1186.72
2011-07-26,1177.89
2011-07-27,1180.56
2011-07-28,1166.24
2011-07-29,1170.85
2011-08-01,1170.28
2011-08-02,1172.91
2011-08-03,1172.91
2011-08-04,1176.25
2011-08-05,1185.34
2011-08-08,1176.17
2011-08-09,1182.05
2011-08-10,1174.82
2011-08-11,1176.44
2011-08-12,1175.88
2011-08-15,1176.1
2011-08-16,1178.26
2011-08-17,1178.4
2011-08-18,1177.89
2011-08-19,1185.08
2011-08-24,1163.46
2011-08-25,1160.95
2011-08-26,1160.7
2011-08-29,1143.04
2011-08-30,1145.12
2011-09-01,1137.13
2011-09-02,1125.36
2011-09-05,1131.7
2011-09-06,1128.26
2011-09-07,1128.56
2011-09-08,1127.6
2011-09-09,1117.61
2011-09-12,1105.74
2011-09-13,1114.07
2011-09-14,1114.11
2011-09-15,1118.68
2011-09-16,1114.56
2011-09-19,1110.98
2011-09-20,1109.93
2011-09-22,1114.51
2011-09-23,1108.15
2011-09-26,1099.18
2011-09-27,1093.43
2011-09-28,1086.23
2011-09-29,1077.05
2011-09-30,1098.38
2011-10-03,1095.87
2011-10-04,1066.62
2011-10-05,1040.74
2011-10-06,1022.81
2011-10-07,1014.15
2011-10-10,1010.68
2011-10-11,1000.3
2011-10-12,1000.3
2011-10-13,1000.3
2011-10-14,995.49
2011-10-17,992.12
2011-10-18,997.31
2011-10-19,998.63
2011-10-20,995.73
2011-10-21,995.89
2011-10-24,998.3
2011-10-25,999.23
2011-10-26,1007.71
2011-10-27,1006.69
2011-10-28,1003.51
2011-10-31,1007.86
2011-11-01,1003.54
2011-11-02,1006.39
2011-11-03,1010.31
2011-11-04,1010.68
2011-11-08,1008.43
2011-11-09,1007.91
2011-11-10,998.28
2011-11-11,997.42
2011-11-14,995.47
2011-11-15,994.02
2011-11-16,992.92
2011-11-17,989.32
2011-11-18,989.61
2011-11-21,989.25
2011-11-22,984.76
2011-11-23,985.04
2011-11-24,982.87
2011-11-25,982.17
2011-11-28,983.62
2011-11-29,985.83
2011-11-30,987.26
2011-12-01,985.35
2011-12-05,985.94
2011-12-06,978.85
2011-12-07,975.45
2011-12-08,975.38
2011-12-09,972.5
2011-12-12,964.59
2011-12-13,964.14
2011-12-14,964.2
2011-12-15,964.21
2011-12-16,940.04
2011-12-19,940.14
2011-12-20,940.62
2011-12-21,941.11
2011-12-22,966.4
2011-12-23,967.01
2011-12-28,967.01
2011-12-29,970.03
2011-12-30,969.03
2012-01-03,969.25
2012-01-04,969.24
2012-01-05,968.08
2012-01-06,980.27
2012-01-09,978.48
2012-01-10,970.71
2012-01-11,975.42
2012-01-12,975.15
2012-01-13,974.63
2012-01-16,969.66
2012-01-17,970.81
2012-01-18,970.35
2012-01-19,971.33
2012-01-20,976.97
2012-01-23,977.87
2012-01-24,974.43
2012-01-25,969.73
2012-01-26,974.48
2012-01-27,973.01
2012-01-30,974.1
2012-01-31,974.53
2012-02-01,981.65
2012-02-02,978.15
2012-02-03,980.14
2012-02-06,979.73
2012-02-07,991.69
2012-02-08,993.8
2012-02-09,994.34
2012-02-10,995.69
2012-02-13,994.51
2012-02-14,996.99
2012-02-15,998.45
2012-02-16,998.46
2012-02-17,1006.44
2012-02-20,1008.07
2012-02-21,1009.89
2012-02-22,1009.51
2012-02-23,1010.33
2012-02-24,1011.36
2012-02-27,1010.25
2012-02-28,1015.61
2012-02-29,1016.47
2012-03-01,1028.11
2012-03-02,1030.76
2012-03-05,1026.84
2012-03-07,1027.28
2012-03-08,1028.69
2012-03-09,1029.39
2012-03-12,1031.12
2012-03-13,1029.02
2012-03-14,1028.22
2012-03-15,1035.68
2012-03-16,1032.99
2012-03-19,1039.61
2012-03-20,1040.84
2012-03-21,1038.58
2012-03-22,1038
2012-03-23,1039.11
2012-03-26,1038.67
2012-03-27,1040.06
2012-03-28,1045.51
2012-03-29,1045.55
2012-03-30,1046.88
2012-04-02,1048.72
2012-04-03,1055.57
2012-04-04,1055.25
2012-04-05,1060.45
2012-04-10,1060.31
2012-04-11,1060.31
2012-04-12,1059.82
2012-04-13,1061.21
2012-04-16,1061.21
2012-04-17,1060.69
2012-04-18,1056.41
2012-04-19,1049.82
2012-04-20,1048.22
2012-04-23,1055.3
2012-04-24,1056.74
2012-04-25,1065.57
2012-04-26,1055.89
2012-04-27,1055.79
2012-04-30,1056.1
2012-05-02,1055.23
2012-05-03,1047.8
2012-05-04,1047.8
2012-05-07,1052.51
2012-05-08,1059.64
2012-05-09,1053.61
2012-05-10,1053.65
2012-05-11,1050.34
2012-05-14,1048.38
2012-05-15,1048.5
2012-05-16,1042.51
2012-05-17,1041.3
2012-05-18,1046.94
2012-05-21,1037.92
2012-05-22,1039.28
2012-05-23,1038.29
2012-05-24,1035.37
2012-05-28,1029.56
2012-05-29,1031.38
2012-05-30,1023.49
2012-05-31,1022.95
2012-06-01,1022.8
2012-06-04,1024.23
2012-06-05,1023.43
2012-06-06,1023.5
2012-06-07,1020.31
2012-06-08,1018.84
2012-06-11,1022.99
2012-06-12,1029.9
2012-06-13,1027.31
2012-06-14,1030.45
2012-06-15,1031.49
2012-06-18,1032.19
2012-06-19,1024.03
2012-06-20,1025.8
2012-06-21,1034.59
2012-06-22,1032.83
2012-06-25,1032.99
2012-06-26,1033.26
2012-06-27,1035.25
2012-06-28,1041.64
2012-06-29,1045.48
2012-07-03,1038.4
2012-07-04,1040.7
2012-07-05,1030.66
2012-07-06,1032.13
2012-07-09,1028.01
2012-07-10,1033.68
2012-07-11,1025.37
2012-07-12,1025.77
2012-07-13,1022.63
2012-07-16,1020.88
2012-07-17,1021.52
2012-07-18,1024.84
2012-07-19,1019
2012-07-20,1016.7
2012-07-23,1016.89
2012-07-24,1018.1
2012-07-25,1018.16
2012-07-26,1022.04
2012-07-27,1021.17
2012-07-30,1021.81
2012-07-31,1027.78
2012-08-01,1030.89
2012-08-02,1034.21
2012-08-03,1036.23
2012-08-06,1037.51
2012-08-07,1033.6
2012-08-08,1026.95
2012-08-09,1026.73
2012-08-13,1028.35
2012-08-14,1029.37
2012-08-15,1030.58
2012-08-16,1030.47
2012-08-17,1030.5
2012-08-21,1023.45
2012-08-22,1024.43
2012-08-23,1028.23
2012-08-24,1027.97
2012-08-27,1032.34
2012-08-28,1025.18
2012-08-29,1027.35
2012-08-30,1034.82
2012-08-31,1025.9
2012-09-03,1028.83
2012-09-04,1035.81
2012-09-05,1036.2
2012-09-06,1043.13
2012-09-07,1035.97
2012-09-10,1036.48
2012-09-11,1035.31
2012-09-12,1036.78
2012-09-13,1036.39
2012-09-14,1036.39
2012-09-17,1039.61
2012-09-18,1042.76
2012-09-19,1040.45
2012-09-20,1039.94
2012-09-24,1042.47
2012-09-25,1040.02
2012-09-26,1041.61
2012-09-27,1043.84
2012-09-28,1047.72
2012-10-01,1044.27
2012-10-02,1044.24
2012-10-03,1043.18
2012-10-04,1038.28
2012-10-05,1034.63
2012-10-08,1042.37
2012-10-09,1042.55
2012-10-10,1044.12
2012-10-11,1034.43
2012-10-12,1036.16
2012-10-15,1035.03
2012-10-16,1038.21
2012-10-17,1041.49
2012-10-18,1049.71
2012-10-19,1046.06
2012-10-22,1061.35
2012-10-23,1053.81
2012-10-24,1067.11
2012-10-25,1069.95
2012-10-29,1079.92
2012-10-30,1109.5
2012-10-31,1116.27
2012-11-01,1116.27
2012-11-02,1131.16
2012-11-05,1144.9
2012-11-06,1146.94
2012-11-07,1148.85
2012-11-08,1155.65
2012-11-09,1152.88
2012-11-12,1155.16
2012-11-13,1149.02
2012-11-14,1151.69
2012-11-15,1154.36
2012-11-16,1152.76
2012-11-19,1153.07
2012-11-20,1152.68
2012-11-21,1146.1
2012-11-22,1144.66
2012-11-23,1139.67
2012-11-27,1139.74
2012-11-28,1138.97
2012-11-29,1139.19
2012-11-30,1133.47
2012-12-03,1142.61
2012-12-04,1140.77
2012-12-05,1141.08
2012-12-06,1139.69
2012-12-10,1139.69
2012-12-11,1138.98
2012-12-12,1140.93
2012-12-13,1141.14
2012-12-14,1145.69
2012-12-17,1170.56
2012-12-18,1191.16
2012-12-19,1195.57
2012-12-20,1190.03
2012-12-21,1197.29
2012-12-24,1186.72
2012-12-27,1187.89
2012-12-28,1188.28
2012-12-31,1199.72
2013-01-02,1198.34
2013-01-03,1198.29
2013-01-04,1199.32
2013-01-07,1198.95
2013-01-08,1205.74
2013-01-09,1209.12
2013-01-10,1212.31
2013-01-11,1216.96
2013-01-14,1220.26
2013-01-15,1223.13
2013-01-16,1226.37
2013-01-17,1227.49
2013-01-18,1231.93
2013-01-21,1234.27
2013-01-22,1235.98
2013-01-23,1240.57
2013-01-24,1254.68
2013-01-25,1270.8
2013-01-28,1274.39
2013-01-29,1282.59
2013-01-30,1283.39
2013-01-31,1270.72
2013-02-01,1281.34
2013-02-04,1292.02
2013-02-05,1312.42
2013-02-06,1312.58
2013-02-07,1319.89
2013-02-08,1327.8
2013-02-11,1333.16
2013-02-12,1361.12
2013-02-13,1359.08
2013-02-14,1385.4
2013-02-15,1396.93
2013-02-18,1401.55
2013-02-19,1413.72
2013-02-20,1426.28
2013-02-21,1433.01
2013-02-22,1447.69
2013-02-25,1454.04
2013-02-26,1455.49
2013-02-27,1458.6
2013-02-28,1482.26
2013-03-01,1513.44
2013-03-04,1532.53
2013-03-05,1555.23
2013-03-07,1567.96
2013-03-08,1565.41
2013-03-11,1578.93
2013-03-12,1589.21
2013-03-13,1597.56
2013-03-14,1608.49
2013-03-15,1641.03
2013-03-18,1644.23
2013-03-19,1662.6
2013-03-20,1686.04
2013-03-21,1723.93
2013-03-22,1742.26
2013-03-25,1743.46
2013-03-26,1741.33
2013-03-27,1727.68
2013-03-28,1733.47
2013-04-02,1737.16
2013-04-03,1739.55
2013-04-04,1756.04
2013-04-05,1753.67
2013-04-08,1740.81
2013-04-09,1743.21
2013-04-10,1758.92
2013-04-11,1762.17
2013-04-12,1763.5
2013-04-15,1769.46
2013-04-16,1770.56
2013-04-17,1772.59
2013-04-18,1768.23
2013-04-19,1778.07
2013-04-22,1777.23
2013-04-23,1787.68
2013-04-24,1782.98
2013-04-25,1795.03
2013-04-26,1797.03
2013-04-29,1800.98
2013-04-30,1800.66
2013-05-02,1799.91
2013-05-03,1808.94
2013-05-06,1833.13
2013-05-07,1839.55
2013-05-08,1827.33
2013-05-09,1828.43
2013-05-10,1830.48
2013-05-13,1832.49
2013-05-14,1832.1
2013-05-15,1835.76
2013-05-16,1839.41
2013-05-17,1842.96
2013-05-20,1838.1
2013-05-21,1848.12
2013-05-22,1851.04
2013-05-23,1852.36
2013-05-24,1859.33
2013-06-03,1877.67
2013-06-04,1877.67
2013-06-05,1874.78
2013-06-06,1868.05
2013-06-07,1883.88
2013-06-10,1882.11
2013-06-11,1892.62
2013-06-12,1898.98
2013-06-13,1909.04
2013-06-14,1908.67
2013-06-17,1908.77
2013-06-18,1904.7
2013-06-19,1906.81
2013-06-20,1893.02
2013-06-21,1892.52
2013-06-24,1900.1
2013-06-25,1891.94
2013-06-26,1874.67
2013-06-27,1877.65
2013-06-28,1880.26
2013-07-02,1887.62
2013-07-03,1884.2
2013-07-04,1887.9
2013-07-05,1884.93
2013-07-08,1883.77
2013-07-09,1880.95
2013-07-10,1888.25
2013-07-11,1897.66
2013-07-12,1910.98
2013-07-15,1906.48
2013-07-16,1907.79
2013-07-17,1900.64
2013-07-18,1904.38
2013-07-19,1908.21
2013-07-22,1903.29
2013-07-23,1905.64
2013-07-24,1907
2013-07-25,1904.01
2013-07-26,1918.06
2013-07-29,1921.06
2013-07-30,1931.22
2013-07-31,1936.29
2013-08-01,1942.2
2013-08-02,1944.92
2013-08-05,1953.29
2013-08-06,1959.84
2013-08-07,1965.55
2013-08-09,1975.39
2013-08-12,1975.38
2013-08-13,1973.07
2013-08-14,1974.28
2013-08-15,1969.22
2013-08-16,1972.1
2013-08-19,1970.74
2013-08-20,1970.67
2013-08-21,1973.3
2013-08-22,1973.19
2013-08-23,1976.33
2013-08-26,1976.89
2013-08-27,1980.75
2013-08-28,1981.32
2013-08-29,1987.69
2013-08-30,1989.55
2013-09-02,1982.12
2013-09-03,1981.79
2013-09-04,1979.02
2013-09-05,1982.4
2013-09-06,1989.97
2013-09-09,1988.65
2013-09-10,1986.51
2013-09-11,1990.57
2013-09-12,2018.68
2013-09-13,2012.38
2013-09-16,2011.55
2013-09-17,2004.75
2013-09-18,2006.01
2013-09-19,2007.15
2013-09-20,2006.75
2013-09-24,2014.83
2013-09-25,2012.65
2013-09-26,2014.53
2013-09-27,2020.26
2013-09-30,2030.96
2013-10-01,2024.19
2013-10-02,2024.67
2013-10-03,2015.77
2013-10-04,2013.35
2013-10-07,2020.07
2013-10-08,2045.36
2013-10-09,2050.82
2013-10-10,2052.68
2013-10-11,2056.27
2013-10-14,2058.54
2013-10-16,2084.16
2013-10-17,2085.74
2013-10-18,2088.92
2013-10-21,2094.36
2013-10-22,2090.06
2013-10-23,2087.33
2013-10-24,2104.51
2013-10-25,2094.7
2013-10-28,2094.37
2013-10-29,2095.28
2013-10-30,2093.48
2013-10-31,2099.88
2013-11-01,2120.18
2013-11-04,2127.52
2013-11-05,2135.51
2013-11-06,2132.4
2013-11-07,2131.59
2013-11-08,2126.58
2013-11-11,2129.72
2013-11-12,2126.93
2013-11-13,2131.74
2013-11-14,2132.1
2013-11-15,2127.79
2013-11-18,2118.94
2013-11-19,2117.49
2013-11-20,2121.52
2013-11-21,2129.65
2013-11-22,2132.01
2013-11-25,2125.28
2013-11-26,2126.4
2013-11-27,2123.67
2013-11-28,2125.36
2013-11-29,2123.75
2013-12-02,2123.68
2013-12-03,2123.47
2013-12-04,2124.36
2013-12-05,2129.69
2013-12-06,
2013-12-09,2125.71
2013-12-10,2125.71
2013-12-11,2126.01
2013-12-12,2125.8
2013-12-13,2130.87
2013-12-16,2130.66
2013-12-17,2134.77
2013-12-18,2134.79
2013-12-19,2135.18
2013-12-20,2146.91
2013-12-23,2138.25
2013-12-24,2146.02
2013-12-25,
2013-12-26,
2013-12-27,2142.79
2013-12-30,2143.14
2013-12-31,2145.2
2014-01-02,2145.2
2014-01-03,2152.54
2014-01-06,2159.62
2014-01-07,2181.48
2014-01-08,2188.51
2014-01-09,2190.86
2014-01-10,2184.82
2014-01-13,2178.32
2014-01-14,2170.6
2014-01-15,2181.8
2014-01-16,2184.3
2014-01-17,2186.94
2014-01-20,2204.91
2014-01-21,2207.87
2014-01-22,2217.1
2014-01-23,2218.05
2014-01-24,2218.23
2014-01-27,2220.13
2014-01-28,2229.89
2014-01-29,2233.43
2014-01-30,2242.24
2014-01-31,2255.52
2014-02-03,2317.74
2014-02-04,2357.94
2014-02-05,2416.52
2014-02-06,2418.17
2014-02-07,2425.27
2014-02-10,2419.81
2014-02-11,2417.43
2014-02-12,2431.29
2014-02-13,2424.13
2014-02-14,2430.43
2014-02-17,2429.65
2014-02-18,2427.84
2014-02-19,2433.58
2014-02-20,2437.3
2014-02-21,2439.2
2014-02-24,2434.27
2014-02-25,2427.6
2014-02-26,2423.55
2014-02-27,2423.55
2014-02-28,2420.91
2014-03-03,2421.45
2014-03-04,2419.69
2014-03-05,2420.62
2014-03-07,2419.38
2014-03-10,2417.04
2014-03-11,2416.08
2014-03-12,2411.14
2014-03-13,2396.21
2014-03-14,2403.27
2014-03-17,2402.47
2014-03-18,2391.55
2014-03-19,2389.94
2014-03-20,2385.67
2014-03-21,2388.74
2014-03-24,2386.81
2014-03-25,2389.19
2014-03-26,2387.51
2014-03-27,2390.61
2014-03-28,2386.39
2014-03-31,2386.34
2014-04-01,2387.84
2014-04-02,2385.32
2014-04-03,2375.85
2014-04-04,2381.87
2014-04-07,2371.41
2014-04-08,2350.12
2014-04-09,2339.36
2014-04-10,2337
2014-04-11,2333.05
2014-04-14,2310.63
2014-04-15,2284.22
2014-04-16,2284.24
2014-04-17,2272.4
2014-04-22,2274.16
2014-04-23,2286.24
2014-04-24,2280.01
2014-04-25,2276.12
2014-04-28,2259.91
2014-04-29,2255.88
2014-04-30,2255.27
2014-05-02,2255.2
2014-05-05,2255.87
2014-05-06,2255.4
2014-05-07,2247.67
2014-05-08,2248.53
2014-05-09,2247.01
2014-05-12,2241.3
2014-05-13,2233.51
2014-05-14,2223.01
2014-05-15,2240.91
2014-05-16,2246.05
2014-05-19,2247.62
2014-05-20,2244.1
2014-05-21,2244.08
2014-05-22,2249.55
2014-05-23,2243.7
2014-05-27,2266.81
2014-05-28,2275.2
2014-05-29,2308.96
2014-05-30,2319.12
2014-06-02,2324.35
2014-06-03,2323.62
2014-06-04,2327.85
2014-06-05,2334.52
2014-06-06,2343.98
2014-06-09,2362.67
2014-06-10,2361.58
2014-06-11,2354.73
2014-06-12,2359.93
2014-06-13,2358.73
2014-06-16,2359.65
2014-06-17,2361.42
2014-06-18,2354.16
2014-06-19,2354.49
2014-06-20,2356.8
2014-06-23,2368.83
2014-06-24,2367.87
2014-06-25,2370.33
2014-06-26,2346.02
2014-06-27,2352.45
2014-06-30,2373.38
2014-07-02,2372.96
2014-07-03,2377.59
2014-07-04,2392.68
2014-07-07,2382.88
2014-07-08,2387.38
2014-07-09,2387.55
2014-07-10,2372.69
2014-07-11,2365.72
2014-07-14,2370.51
2014-07-15,2357.65
2014-07-16,2338.36
2014-07-17,2342.15
2014-07-18,2332.62
2014-07-21,2322.4
2014-07-22,2318.2
2014-07-23,2310.1
2014-07-24,2295.37
2014-07-25,2294.03
2014-07-29,2306.67
2014-07-30,2299.91
2014-07-31,2300.35
2014-08-01,2301.05
2014-08-04,2285.9
2014-08-05,2285.51
2014-08-06,2278.98
2014-08-07,2275.75
2014-08-08,2266.48
2014-08-11,2268.16
2014-08-12,2259.65
2014-08-13,2241.16
2014-08-14,2240.89
2014-08-15,2216.52
2014-08-18,2221.65
2014-08-19,2220.44
2014-08-20,2208.27
2014-08-21,2211.26
2014-08-22,2212.28
2014-08-25,2202.55
2014-08-26,2201.54
2014-08-27,2200.98
2014-08-28,2198.08
2014-08-29,2200.18
2014-09-01,2198.87
2014-09-02,2204.87
2014-09-03,2205.83
2014-09-04,2201.91
2014-09-05,2217.25
2014-09-08,2199.01
2014-09-09,2202.1
2014-09-10,2207.88
2014-09-11,2216.82
2014-09-12,2233.7
2014-09-15,2241.84
2014-09-16,2257.99
2014-09-17,2270.5
2014-09-18,2287.94
2014-09-19,2286.67
2014-09-23,2283.59
2014-09-24,2275.6
2014-09-25,2263.92
2014-09-26,2254.2
2014-09-29,2249.16
2014-09-30,2239.68
2014-10-01,2219.55
2014-10-02,2211.48
2014-10-03,2222.53
2014-10-07,2222.53
2014-10-08,2221.85
2014-10-09,2221.73
2014-10-10,2223.13
2014-10-13,2229.59
2014-10-14,2230.65
2014-10-15,2229.36
2014-10-16,2236.64
2014-10-17,2216.87
2014-10-20,2214.28
2014-10-21,2222.57
2014-10-22,2221.66
2014-10-23,2220.45
2014-10-24,2226.37
2014-10-27,2225.34
2014-10-28,2222.54
2014-10-29,2244.15
2014-10-30,2249.27
2014-10-31,2249.27
2014-11-03,2235.23
2014-11-04,2230.94
2014-11-05,2229.13
2014-11-06,2228.39
2014-11-07,2228.85
2014-11-10,2231.73
2014-11-11,2232.57
2014-11-12,2248.07
2014-11-13,2257.02
2014-11-14,2260.17
2014-11-17,2262.14
2014-11-18,2264.67
2014-11-19,2272.09
2014-11-20,2278.91
2014-11-21,2284.97
2014-11-24,2266.81
2014-11-25,2272.41
2014-11-26,2278.14
2014-11-27,2279.77
2014-11-28,2266.92
2014-12-01,2269.64
2014-12-02,2281.52
2014-12-03,2286.36
2014-12-04,2300.11
2014-12-08,2306.81
2014-12-09,2311.37
2014-12-10,2303.15
2014-12-11,2307.52
2014-12-12,2306.73
2014-12-14,2305.48
2014-12-15,2305.48
2014-12-16,2305.44
2014-12-17,2307.17
2014-12-18,2307.81
2014-12-19,2297.72
2014-12-22,2298.03
2014-12-23,2301.72
2014-12-24,2286.11
2014-12-29,2286.11
2014-12-30,2260.59
2014-12-31,2261.02
2015-01-02,2287.32
2015-01-05,2282.46
2015-01-06,2274.18
2015-01-07,2272.42
2015-01-08,2272.42
2015-01-09,2261.09
2015-01-12,2260.14
2015-01-13,2259.78
2015-01-14,2228.43
2015-01-15,2228.48
2015-01-16,2233.39
2015-01-19,2225.73
2015-01-20,2220.32
2015-01-21,2216.03
2015-01-22,2208.02
2015-01-23,2183.24
2015-01-26,2183.68
2015-01-27,2164.06
2015-01-28,2166.76
2015-01-29,2161.14
2015-01-30,2173.95
2015-02-02,2155.66
2015-02-03,2143.5
2015-02-05,2143.68
2015-02-06,2149.8
2015-02-09,2155.95
2015-02-10,2145.59
2015-02-11,2150.66
2015-02-12,2149.52
2015-02-13,2149.11
2015-02-16,2152.66
2015-02-17,2151.21
2015-02-18,2154.07
2015-02-19,2153.64
2015-02-20,2158.4
2015-02-23,2161.31
2015-02-24,2163.97
2015-02-25,2162.71
2015-02-27,2177.95
2015-03-02,2179
2015-03-03,2177.9
2015-03-04,2176.96
2015-03-05,2173.46
2015-03-09,2179.17
2015-03-10,2177.47
2015-03-11,2178.87
2015-03-12,2182.13
2015-03-13,2189.46
2015-03-16,2191.15
2015-03-17,2194.27
2015-03-18,2185.24
2015-03-19,2195.29
2015-03-20,2190.84
2015-03-23,2194.09
2015-03-24,2195.47
2015-03-25,2206.38
2015-03-26,2206.11
2015-03-27,2212.22
2015-03-30,2215.31
2015-03-31,2220.37
2015-04-01,2227.73
2015-04-02,2230.54
2015-04-07,2224.43
2015-04-08,2237.46
2015-04-09,2218.07
2015-04-10,2222.61
2015-04-13,2222.41
2015-04-14,2233.37
2015-04-15,2232.59
2015-04-16,2262.96
2015-04-18,2270.45
2015-04-20,2249.51
2015-04-21,2250.29
2015-04-22,2251.24
2015-04-23,2259.4
2015-04-24,2262.76
2015-04-27,2259.05
2015-04-28,2263.79
2015-04-29,2268.53
2015-04-30,2272.77
2015-05-04,2272.26
2015-05-05,2272.26
2015-05-06,2290.59
2015-05-07,2273.03
2015-05-08,2255.03
2015-05-11,2276.02
2015-05-12,2281.14
2015-05-13,2301.02
2015-05-14,2301.02
2015-05-15,2307.71
2015-05-18,2320.02
2015-05-19,2316.17
2015-05-20,2317.33
2015-05-21,2337.61
2015-05-22,2360.76
2015-05-26,2362.04
2015-05-27,2361.02
2015-05-28,2362.28
2015-05-29,2362.63
2015-06-01,2356.84
2015-06-03,2365.09
2015-06-04,2365.09
2015-06-05,2369.44
2015-06-08,2373.7
2015-06-09,2386.51
2015-06-10,2380.78
2015-06-11,2360.43
2015-06-12,2359.43
2015-06-15,2363.81
2015-06-16,2360.66
2015-06-17,2382.07
2015-06-18,2377.66
2015-06-19,2368.85
2015-06-22,2366.08
2015-06-23,2371.62
2015-06-24,2369.67
2015-06-25,2370.62
2015-06-26,2369.3
2015-06-29,2371.15
2015-06-30,2352.23
2015-07-02,2342.79
2015-07-03,2341.59
2015-07-06,2348.67
2015-07-07,2346.79
2015-07-08,2337.61
2015-07-09,2331.79
2015-07-10,2338.72
2015-07-13,2335.08
2015-07-14,2320.75
2015-07-15,2294.06
2015-07-16,2295.57
2015-07-17,2290.4
2015-07-21,2274.62
2015-07-22,2251.14
2015-07-23,2273.91
2015-07-24,2275.34
2015-07-27,2263.44
2015-07-28,2254.85
2015-07-29,2246.51
2015-07-30,2218.63
2015-07-31,2198.33
2015-08-04,2181.48
2015-08-05,2179.92
2015-08-06,2175.63
2015-08-07,2175.3
2015-08-10,2170.32
2015-08-11,2168.2
2015-08-12,2171.57
2015-08-13,2168.5
2015-08-14,2148.77
2015-08-15,2148.77
2015-08-17,2156.68
2015-08-18,2155.49
2015-08-19,2155.65
2015-08-20,2152.85
2015-08-21,2164.22
2015-08-24,2169.66
2015-08-25,2152.59
2015-08-26,2147.97
2015-08-27,2144.08
2015-08-28,2155.43
2015-08-31,2154.77
2015-09-01,2152.36
2015-09-02,2109.57
2015-09-03,2101.45
2015-09-04,2100.42
2015-09-07,2094.09
2015-09-08,2104.05
2015-09-09,2094.7
2015-09-10,2089.03
2015-09-11,2088.39
2015-09-14,2081.18
2015-09-15,2073.43
2015-09-16,2070.49
2015-09-17,2061.96
2015-09-18,2049.18
2015-09-22,2039.23
2015-09-23,2039.07
2015-09-25,2039.12
2015-09-28,2037.29
2015-09-29,1996.99
2015-09-30,2009.52
2015-10-01,2000.12
2015-10-02,1999.92
2015-10-05,1998.83
2015-10-06,2000.22
2015-10-07,1991.86
2015-10-08,1995.31
2015-10-09,1984.11
2015-10-12,1985.4
2015-10-13,1993.38
2015-10-14,1993.38
2015-10-15,1986.83
2015-10-16,1987.85
2015-10-19,1990.65
2015-10-20,1988.91
2015-10-21,1989.81
2015-10-22,1987.88
2015-10-23,1987.37
2015-10-26,1986.31
2015-10-27,1986.1
2015-10-28,1986.1
2015-10-29,1987.36
2015-10-30,2013.22
2015-11-02,2014.29
2015-11-03,2014.29
2015-11-04,1985.05
2015-11-05,1983.74
2015-11-06,1984.22
2015-11-09,1984.02
2015-11-10,1978.96
2015-11-11,1979.28
2015-11-12,1978.35
2015-11-13,1974.09
2015-11-16,1963.34
2015-11-17,1968.32
2015-11-18,1967.7
2015-11-19,1969.58
2015-11-20,1972.64
2015-11-23,1973.13
2015-11-24,1969.96
2015-11-25,1975.66
2015-11-26,1975.66
2015-11-27,1975.21
2015-11-30,1974.02
2015-12-01,1975.02
2015-12-02,1973.97
2015-12-03,1972.89
2015-12-07,1962.83
2015-12-08,1963.51
2015-12-09,1956.91
2015-12-10,1954.5
2015-12-11,1954.21
2015-12-14,1962.63
2015-12-15,1968.66
2015-12-16,1968.03
2015-12-17,1968.71
2015-12-18,1969.14
2015-12-21,1973.88
2015-12-22,1975.71
2015-12-23,1977.48
2015-12-24,1988.8
2015-12-29,1988.58
2015-12-30,1987.89
2015-12-31,1994.91
2016-01-04,1994.59
2016-01-05,1996.52
2016-01-06,1995.16
2016-01-07,1999.88
2016-01-08,1999.03
2016-01-11,1999.06
2016-01-12,2008.85
2016-01-13,2013.44
2016-01-14,2013.81
2016-01-15,2007.5
2016-01-18,1996.01
2016-01-19,1990.37
2016-01-20,1993.72
2016-01-21,1998.68
2016-01-22,2000.02
2016-01-25,1999.84
2016-01-26,1998.19
2016-01-27,2005.93
2016-01-28,2006.29
2016-01-29,2004.12
2016-02-01,1992.18
2016-02-02,1987.52
2016-02-03,1984.24
2016-02-04,1981.07
2016-02-05,1972.19
2016-02-08,1981.82
2016-02-09,1982.79
2016-02-10,1998.51
2016-02-11,1999.14
2016-02-12,2000.7
2016-02-15,1994.63
2016-02-16,1991.42
2016-02-17,1992.97
2016-02-18,1992.28
2016-02-19,1992.63
2016-02-22,1993.11
2016-02-23,1993.11
2016-02-24,1992.94
2016-02-25,1981.87
2016-02-26,1980.13
2016-02-29,1972.18
2016-03-01,1968.98
2016-03-02,1970.87
2016-03-03,1969.92
2016-03-04,1970.85
2016-03-08,1970.85
2016-03-09,1970.62
2016-03-10,1963.72
2016-03-11,1954.49
2016-03-14,1956.16
2016-03-15,1954.08
2016-03-16,1941.46
2016-03-17,1924.87
2016-03-18,1924.91
2016-03-21,1916.41
2016-03-22,1907.59
2016-03-23,1915.63
2016-03-24,1915.5
2016-03-29,1915.5
2016-03-30,1913.62
2016-03-31,1912.02
2016-04-01,1909.51
2016-04-04,1909.08
2016-04-05,1909.08
2016-04-06,1907.44
2016-04-07,1907.98
2016-04-08,1905.93
2016-04-11,1905.93
2016-04-12,1901.56
2016-04-13,1897.32
2016-04-14,1896.62
2016-04-15,1888.5
2016-04-18,1878.79
2016-04-19,1883.47
2016-04-20,1872.88
2016-04-21,1861.75
2016-04-22,1844.62
2016-04-25,1840.01
2016-04-26,1839.52
2016-04-27,1829.25
2016-04-28,1829.79
2016-04-29,1828.78
2016-05-03,1828.46
2016-05-04,1825.3
2016-05-05,1806.51
2016-05-06,1801.28
2016-05-09,1811.47
2016-05-10,1806.31
2016-05-11,1782.15
2016-05-12,1789.54
2016-05-13,1788.97
2016-05-16,1783.6
2016-05-17,1777.04
2016-05-18,1772.21
2016-05-19,1772.21
2016-05-20,1777.05
2016-05-23,1772.79
2016-05-24,1770.28
2016-05-26,1770.49
2016-05-27,1773.14
2016-05-30,1770.68
2016-05-31,1758.35
2016-06-01,1751.6
2016-06-02,1751.79
2016-06-03,1753.52
2016-06-06,1752.8
2016-06-07,1747.74
2016-06-08,1759.82
2016-06-09,1759.13
2016-06-10,1753.35
2016-06-13,1756.16
2016-06-14,1757.77
2016-06-15,1767.84
2016-06-16,1771.47
2016-06-20,1772.12
2016-06-21,1769.88
2016-06-22,1777.33
2016-06-23,1776.92
2016-06-24,1775.57
2016-06-27,1777.76
2016-06-28,1787.59
2016-06-29,1787.12
2016-06-30,1787.5
2016-07-04,1786.7
2016-07-05,1786.4
2016-07-07,1787.17
2016-07-08,1795.73
2016-07-11,1787.94
2016-07-12,1786.41
2016-07-13,1786.88
2016-07-14,1787.23
2016-07-15,1781.08
2016-07-18,1777.24
2016-07-19,1779.78
2016-07-20,1781.21
2016-07-21,1779.36
2016-07-22,1780.45
2016-07-25,1779.31
2016-07-26,1787.53
2016-07-27,1787.74
2016-07-28,1787.01
2016-07-29,1796.29
2016-08-01,1787.26
2016-08-02,1789.73
2016-08-03,1791.72
2016-08-04,1793.27
2016-08-05,1801.54
2016-08-08,1802.7
2016-08-09,1804.83
2016-08-10,1804.94
2016-08-11,1806.38
2016-08-12,1807.71
2016-08-15,1809.61
2016-08-16,1819.42
2016-08-17,1832.65
2016-08-18,1824.42
2016-08-19,1810.89
2016-08-22,1821.66
2016-08-23,1820.66
2016-08-24,1816.16
2016-08-25,1812.91
2016-08-26,1808.57
2016-08-29,1814.28
2016-08-30,1813.96
2016-08-31,1805.36
2016-09-01,1811.4
2016-09-02,1810.04
2016-09-05,1802.65
2016-09-06,1794.87
2016-09-07,1794.08
2016-09-08,1791.24
2016-09-09,1791.95
2016-09-13,1783.32
2016-09-14,1778.74
2016-09-15,1778.34
2016-09-16,1784.97
2016-09-19,1782.36
2016-09-20,1775.99
2016-09-22,1773.53
2016-09-23,1775.12
2016-09-26,1782.91
2016-09-27,1774.09
2016-09-28,1774.38
2016-09-29,1774.38
2016-09-30,1774.9
2016-10-03,1775.32
2016-10-04,1773.61
2016-10-05,1773.77
2016-10-06,1768.93
2016-10-07,1768.04
2016-10-10,1767.98
2016-10-11,1768.82
2016-10-12,1769.63
2016-10-13,1770.56
2016-10-14,1770.56
2016-10-17,1763.81
2016-10-18,1760.06
2016-10-19,1755.29
2016-10-20,1755.9
2016-10-21,1755.61
2016-10-24,1752.54
2016-10-25,1748.65
2016-10-26,1741.91
2016-10-27,1738.49
2016-10-28,1710.67
2016-10-31,1728.37
2016-11-01,1727.95
2016-11-02,1713.18
2016-11-03,1711.3
2016-11-04,1706.19
2016-11-07,1706.4
2016-11-08,1704.05
2016-11-09,1696.41
2016-11-10,1687.3
2016-11-11,1679.41
2016-11-14,1676.25
2016-11-15,1670.36
2016-11-16,1676.59
2016-11-17,1667.26
2016-11-18,1688.92
2016-11-21,1682.33
2016-11-22,1648.83
2016-11-23,1627.11
2016-11-24,1590.57
2016-11-25,1625.09
2016-11-28,1580.88
2016-11-29,1586.74
2016-11-30,1575.71
2016-12-01,1559.31
2016-12-05,1544.24
2016-12-06,1544.45
2016-12-07,1527.94
2016-12-08,1544.1
2016-12-09,1571.73
2016-12-12,1571.73
2016-12-13,1582.74
2016-12-14,1577.96
2016-12-15,1579.12
2016-12-16,1579.12
2016-12-19,1605.71
2016-12-20,1631.63
2016-12-21,1633.9
2016-12-22,1663.27
2016-12-23,1662.96
2016-12-28,1661.56
2016-12-29,1662.25
2016-12-30,1689.09
2017-01-03,1698.2
2017-01-04,1703.34
2017-01-05,1703.77
2017-01-06,1699.42
2017-01-09,1699.39
2017-01-10,1707.32
2017-01-11,1722.6
2017-01-12,1728.92
2017-01-13,1735.67
2017-01-16,1732.47
2017-01-17,1734.16
2017-01-18,1737.86
2017-01-19,1750.54
2017-01-20,1759.27
2017-01-23,1760.81
2017-01-24,1765.17
2017-01-25,1766.65
2017-01-26,1767.06
2017-01-27,1767.89
2017-01-30,1770.49
2017-01-31,1776.4
2017-02-01,1780.82
2017-02-02,1790.1
2017-02-03,1825.59
2017-02-06,1794.74
2017-02-07,1787.54
2017-02-08,1798.54
2017-02-09,1796.31
2017-02-10,1805.09
2017-02-13,1806.96
2017-02-14,1813.47
2017-02-15,1808.5
2017-02-16,1809.1
2017-02-17,1809.47
2017-02-20,1809.83
2017-02-21,1811.03
2017-02-22,1839.52
2017-02-23,1832.9
2017-02-24,1857.1
2017-02-27,1854.49
2017-02-28,1854.53
2017-03-01,1867.74
2017-03-02,1868.74
2017-03-03,1868.19
2017-03-07,1868.01
2017-03-08,1869.04
2017-03-09,1871.51
2017-03-10,1874.76
2017-03-13,1875.57
2017-03-14,1877.57
2017-03-15,1879.64
2017-03-16,1878.11
2017-03-17,1879.6
2017-03-20,1878.58
2017-03-21,1889
2017-03-22,1886.53
2017-03-23,1887.9
2017-03-24,1890.51
2017-03-27,1902.15
2017-03-28,1895.54
2017-03-29,1888.94
2017-03-30,1879.25
2017-03-31,1865.01
2017-04-03,1865.01
2017-04-04,1874.41
2017-04-05,1881.02
2017-04-06,1896.12
2017-04-07,1898.34
2017-04-10,1886.03
2017-04-11,1882.99
2017-04-12,1881.92
2017-04-13,1882.08
2017-04-18,1880.55
2017-04-19,1867.73
2017-04-20,1869.87
2017-04-21,1885.76
2017-04-24,1879.27
2017-04-25,1883.56
2017-04-26,1891
2017-04-27,1885.41
2017-04-28,1896.13
2017-05-02,1895.78
2017-05-03,1899.19
2017-05-04,1885.04
2017-05-05,1884.87
2017-05-08,1893.45
2017-05-09,1904.24
2017-05-10,1905.47
2017-05-11,1904.75
2017-05-12,1899.68
2017-05-15,1906.17
2017-05-16,1908.23
2017-05-17,1913.5
2017-05-18,1913.26
2017-05-19,1915.9
2017-05-22,1922.73
2017-05-23,1921.01
2017-05-24,1920.86
2017-05-26,1923.53
2017-05-29,1923.97
2017-05-30,1918.73
2017-05-31,1919.71
2017-06-01,1919.02
2017-06-02,1918.94
2017-06-05,1919.21
2017-06-06,1916.78
2017-06-07,1921.09
2017-06-08,1922.39
2017-06-09,1917.27
2017-06-12,1912.72
2017-06-13,1914.4
2017-06-14,1922.71
2017-06-15,1928.65
2017-06-16,1934.12
2017-06-19,1934.82
2017-06-20,1937.07
2017-06-21,1939.25
2017-06-22,1941.43
2017-06-23,1949.48
2017-06-27,1947.8
2017-06-28,1951.54
2017-06-29,1951.77
2017-06-30,1964.55
2017-07-04,1963.46
2017-07-05,1973.94
2017-07-06,1976.74
2017-07-07,1991
2017-07-10,1990.35
2017-07-11,2017.08
2017-07-12,2034.61
2017-07-13,2037.35
2017-07-14,2086.38
2017-07-17,2125.5
2017-07-18,2136.01
2017-07-19,2156.68
2017-07-20,2201.63
2017-07-21,2217.79
2017-07-24,2229.38
2017-07-25,2244.24
2017-07-26,2259.76
2017-07-27,2256.17
2017-07-28,2257.45
2017-07-31,2256.78
2017-08-01,2251.91
2017-08-02,2253.98
2017-08-03,2254.22
2017-08-04,2268.45
2017-08-07,2262.77
2017-08-08,2267.59
2017-08-09,2275.74
2017-08-10,2277.65
2017-08-11,2271.31
2017-08-14,2273.02
2017-08-15,2266.25
2017-08-16,2265.82
2017-08-17,2274.41
2017-08-18,2284.92
2017-08-21,2305.71
2017-08-22,2310.39
2017-08-23,2320.09
2017-08-24,2338.41
2017-08-25,2342.46
2017-08-28,2344.59
2017-08-29,2352.22
2017-08-30,2371.42
2017-08-31,2389.01
2017-09-04,2448.66
2017-09-05,2451.79
2017-09-06,2458.11
2017-09-07,2444.66
2017-09-08,2374.45
2017-09-11,2363.48
2017-09-12,2339.49
2017-09-13,2327.51
2017-09-14,2315.48
2017-09-15,2310.28
2017-09-18,2301.2
2017-09-19,2302.62
2017-09-20,2305.37
2017-09-22,2291.6
2017-09-25,2286.01
2017-09-26,2282.19
2017-09-27,2284.51
2017-09-28,2284.3
2017-09-29,2326.09
2017-10-02,2335.37
2017-10-03,2299.27
2017-10-04,2293.24
2017-10-05,2287.05
2017-10-06,2287.88
2017-10-09,2286.37
2017-10-10,2286.51
2017-10-11,2287.03
2017-10-12,2284.3
2017-10-13,2285.97
2017-10-16,2285.97
2017-10-17,2316.48
2017-10-18,2316.02
2017-10-19,2318.85
2017-10-20,2314.98
2017-10-23,2314.98
2017-10-24,2324.65
2017-10-25,2349.44
2017-10-26,2348.71
2017-10-27,2352.11
2017-10-30,2359.25
2017-10-31,2361.48
2017-11-01,2359.3
2017-11-02,2363.62
2017-11-03,2367.28
2017-11-06,2383.53
2017-11-07,2385.4
2017-11-08,2387.2
2017-11-09,2389.34
2017-11-10,2407.98
2017-11-13,2409.16
2017-11-14,2458.19
2017-11-15,2494.91
2017-11-16,2517.71
2017-11-17,2520.87
2017-11-20,2547.12
2017-11-21,2546.94
2017-11-22,2557.27
2017-11-23,2553.14
2017-11-24,2556.28
2017-11-27,2544.31
2017-11-28,2530.89
2017-11-29,2513.59
2017-11-30,2521.67
2017-12-04,2520.44
2017-12-05,2509.99
2017-12-06,2514.52
2017-12-07,2508.53
2017-12-08,2520.78
2017-12-11,2523.95
2017-12-12,2531.78
2017-12-13,2533.27
2017-12-14,2533.49
2017-12-15,2533.91
2017-12-18,2542.25
2017-12-19,2546.82
2017-12-20,2547.24
2017-12-21,2556.72
2017-12-22,2576.18
2017-12-27,2569.41
2017-12-28,2576.39
2017-12-29,2579.72
2018-01-02,2579.72
2018-01-03,2585.91
2018-01-04,2593.61
2018-01-05,2635.67
2018-01-08,2671.53
2018-01-09,2666.68
2018-01-10,2697.54
2018-01-11,2725.84
2018-01-12,2759.91
2018-01-15,2781.63
2018-01-16,2817.66
2018-01-17,2845.39
2018-01-18,2858.68
2018-01-19,2870.81
2018-01-22,2886.65
2018-01-23,2912.83
2018-01-24,2991.67
2018-01-25,3004.75
2018-01-26,3036.41
2018-01-29,3034.13
2018-01-30,3060.7
2018-01-31,3076.98
2018-02-01,3140.87
2018-02-02,3147.19
2018-02-05,3177.67
2018-02-06,3193.58
2018-02-07,3233.13
2018-02-08,3249.07
2018-02-09,3248.57
2018-02-12,3261.74
2018-02-13,3298.78
2018-02-14,3300.11
2018-02-15,3319.32
2018-02-16,3338.3
2018-02-19,3339.29
2018-02-20,3334.84
2018-02-21,3334.99
2018-02-22,3328.44
2018-02-23,3336.63
2018-02-26,3335.16
2018-02-27,3335.02
2018-02-28,3337.2
2018-03-01,3343.01
2018-03-02,3309.93
2018-03-05,3295.4
2018-03-07,3287.63
2018-03-08,3261.64
2018-03-09,3246.61
2018-03-12,3236.39
2018-03-13,3227.83
2018-03-14,3217.61
2018-03-15,3232.83
2018-03-16,3239.62
2018-03-19,3232.13
2018-03-20,3261.71
2018-03-21,3276.55
2018-03-22,3288.83
2018-03-23,3291.25
2018-03-26,3296.33
2018-03-27,3307.16
2018-03-28,3332.64
2018-03-29,3366.85
2018-04-03,3366.85
2018-04-04,3371.56
2018-04-05,3388.71
2018-04-06,3392.94
2018-04-09,3395.78
2018-04-10,3400.78
2018-04-11,3402.35
2018-04-12,3411.32
2018-04-13,3429.62
2018-04-16,3429.23
2018-04-17,3430.46
2018-04-18,3437.55
2018-04-19,3437.08
2018-04-20,3439.1
2018-04-23,3451.32
2018-04-24,3466.6
2018-04-25,3463.21
2018-04-26,3463.96
2018-04-27,3471.39
2018-04-30,3489.45
2018-05-02,3485.66
2018-05-03,3479.34
2018-05-04,3478.03
2018-05-07,3485.83
2018-05-08,3479.93
2018-05-09,3480.53
2018-05-10,3462.83
2018-05-11,3455.97
2018-05-14,3423.78
2018-05-15,3407.34
2018-05-16,3392.32
2018-05-17,3395.11
2018-05-18,3384.02
2018-05-21,3326.16
2018-05-22,3320.96
2018-05-23,3309.73
2018-05-24,3295.62
2018-05-28,3294.31
2018-05-29,3277.55
2018-05-30,3194.2
2018-05-31,3167.48
2018-06-01,3192.3
2018-06-04,3173.26
2018-06-05,3115.9
2018-06-06,3105.09
2018-06-07,3076.48
2018-06-08,3038.41
2018-06-11,3011.66
2018-06-12,2991.64
2018-06-13,2984.41
2018-06-14,2989.68
2018-06-18,2973.55
2018-06-19,2929.99
2018-06-20,2931.23
2018-06-21,2895.88
2018-06-22,2918.27
2018-06-25,2885.77
2018-06-26,2875.39
2018-06-27,2878.76
2018-06-28,2880.63
2018-06-29,2879.43
2018-07-03,2881.03
2018-07-04,2844.36
2018-07-05,2839.26
2018-07-06,2921.69
2018-07-09,2926.16
2018-07-10,2943.15
2018-07-11,2903.77
2018-07-12,2958.74
2018-07-13,2946.25
2018-07-16,2946.07
2018-07-17,2947.41
2018-07-18,2933.89
2018-07-19,2942.14
2018-07-20,2940.77
2018-07-23,2941.21
2018-07-24,2942.85
2018-07-25,2938.32
2018-07-26,2928.9
2018-07-27,2932.77
2018-07-30,2932.01
2018-07-31,2931.19
2018-08-01,2930.55
2018-08-02,2935.96
2018-08-03,2935.75
2018-08-06,2936.71
2018-08-07,2940.98
2018-08-08,2942.81
2018-08-09,2945.18
2018-08-10,2944.38
2018-08-13,2897.67
2018-08-14,2905.57
2018-08-15,2933.99
2018-08-16,2934.39
2018-08-17,2942.89
2018-08-20,2941.03
2018-08-22,2944.87
2018-08-23,2944.62
2018-08-24,2939.86
2018-08-27,2943.67
2018-08-28,2926.28
2018-08-29,2917.92
2018-08-30,2902.29
2018-08-31,2897.53
2018-09-03,2889.2
2018-09-04,2878.92
2018-09-05,2878.26
2018-09-06,2887.09
2018-09-07,2871.06
2018-09-10,2866.88
2018-09-11,2879.03
2018-09-12,2853.21
2018-09-13,2864.56
2018-09-14,2875.81
2018-09-17,2901.83
2018-09-18,2901.63
2018-09-19,2897.36
2018-09-20,2892.11
2018-09-24,2895.39
2018-09-25,2938.54
2018-09-26,2954.7
2018-09-27,2966.2
2018-09-28,3001.01
2018-10-01,3040.14
2018-10-02,3052.85
2018-10-03,3027.96
2018-10-04,3021.01
2018-10-05,3052.31
2018-10-08,3052.1
2018-10-09,3052.9
2018-10-10,3040.24
2018-10-11,3048.99
2018-10-12,3006.86
2018-10-15,2976.53
2018-10-16,2961.2
2018-10-17,2997.9
2018-10-18,2975.28
2018-10-19,2974.02
2018-10-22,2952.18
2018-10-23,2924.66
2018-10-24,2920.57
2018-10-25,2935.85
2018-10-26,2928.07
2018-10-29,2884.12
2018-10-30,2852.83
2018-10-31,2844.78
2018-11-01,2837.75
2018-11-02,2837.75
2018-11-05,2844.54
2018-11-06,2814.65
2018-11-07,2809.32
2018-11-08,2807.63
2018-11-09,2812.3
2018-11-12,2758.67
2018-11-13,2787.63
2018-11-14,2784.24
2018-11-15,2778.39
2018-11-16,2721.32
2018-11-19,2736.03
2018-11-20,2688.08
2018-11-21,2685.56
2018-11-22,2640.62
2018-11-23,2639.73
2018-11-26,2667.33
2018-11-27,2666.81
2018-11-28,2644.78
2018-11-29,2629.71
2018-11-30,2629.54
2018-12-03,2645.35
2018-12-04,2607.76
2018-12-05,2632.39
2018-12-06,2608.42
2018-12-10,2612.42
2018-12-10,2220.41
2018-12-11,2608.41
2018-12-12,2594.04
2018-12-13,2575.79
2018-12-14,2569.95
2018-12-17,2543.4
2018-12-18,2529.92
2018-12-19,2521.42
2018-12-20,2525.51
2018-12-21,2539.06
2018-12-24,2548.74
2018-12-27,2587.4
2018-12-28,2572.4
2018-12-31,2572.22
2019-01-02,2589.55
2019-01-03,2571.35
2019-01-04,2581.85
2019-01-08,2581.46
2019-01-09,2582.7
2019-01-10,2574.28
2019-01-11,2573.42
2019-01-14,2561.63
2019-01-15,2567.88
2019-01-16,2575.99
2019-01-17,2564.66
2019-01-18,2556.28
2019-01-21,2557.62
2019-01-22,2510.38
2019-01-23,2502.33
2019-01-24,2515.7
2019-01-25,2511.84
2019-01-28,2496.91
2019-01-29,2496.71
2019-01-30,2498.24
2019-01-31,2503.85
2019-02-04,2500.49
2019-02-05,2486.67
2019-02-06,2484.1
2019-02-07,2502.17
2019-02-08,2485.56
2019-02-11,2491.26
2019-02-12,2488.65
2019-02-13,2487.8
2019-02-14,2485.53
2019-02-15,2492.92
2019-02-18,2497.93
2019-02-19,2481.91
2019-02-20,2496.01
2019-02-21,2493.23
2019-02-22,2493.23
2019-02-25,2499.28
2019-02-26,2490.85
2019-02-27,2460.74
2019-02-28,2479.04
2019-03-01,2482.1
2019-03-04,2494.27
2019-03-05,2479.96
2019-03-07,2480.56
2019-03-08,2476.55
2019-03-11,2478.24
2019-03-12,2465.74
2019-03-13,2462.57
2019-03-14,2459.59
2019-03-15,2454.34
2019-03-18,2451.14
2019-03-19,2460.73
2019-03-20,2434.25
2019-03-21,2435.94
2019-03-22,2440.56
2019-03-25,2447.45
2019-03-26,2460.9
2019-03-27,2450.62
2019-03-28,2419.49
2019-03-29,2454.51
2019-04-01,2449.72
2019-04-02,2442.2
2019-04-03,2439.85
2019-04-04,2440.18
2019-04-05,2444.43
2019-04-08,2414.74
2019-04-09,2412.25
2019-04-10,2411.87
2019-04-11,2415.23
2019-04-12,2405.83
2019-04-15,2400.35
2019-04-16,2396.18
2019-04-17,2401.11
2019-04-18,2391.97
2019-04-23,2391.97
2019-04-24,2395.37
2019-04-25,2384.59
2019-04-26,2384.59
2019-04-29,2388.52
2019-04-30,2344.32
2019-05-02,2337.03
2019-05-06,2333.36
2019-05-07,2337.75
2019-05-08,2292.21
2019-05-09,2349.11
2019-05-10,2340.78
2019-05-13,2328.95
2019-05-15,2389.63
2019-05-17,2415.22
2019-05-17,2415.22
2019-05-20,2434.14
2019-05-21,2421.99
2019-05-22,2448.48
2019-05-23,2459.27
2019-05-24,2456.69
2019-05-28,2444.06
2019-05-28,2445.22
2019-05-29,2444.16
2019-05-30,2462.32
2019-05-31,2461.06
2019-06-03,2465.63
2019-06-04,2451.81
2019-06-06,2451.81
2019-06-07,2463.83
2019-06-10,2431.62
2019-06-11,2422.03
2019-06-12,2422.68
2019-06-13,2414.11
2019-06-14,2401.96
2019-06-17,2394.86
2019-06-18,2397.95
2019-06-19,2398.06
2019-06-20,2389.54
2019-06-21,2383.88
2019-06-24,2386.74
2019-06-25,2380.91
2019-06-26,2370.97
2019-06-27,2372.99
2019-06-28,2394.82
2019-07-01,2368.42
2019-07-02,2359.82
2019-07-03,2324.61
2019-07-04,2325
2019-07-05,2330.24
2019-07-08,2325.67
2019-07-09,2325.63
2019-07-10,2333.35
2019-07-11,2330.93
2019-07-12,2318.73
2019-07-15,2304.81
2019-07-16,2322.38
2019-07-17,2330.25
2019-07-18,2328.79
2019-07-19,2353.09
2019-07-22,2340.94
2019-07-23,2346.41
2019-07-24,2334.73
2019-07-25,2311.47
2019-07-26,2335.23
2019-07-29,2321.92
2019-07-30,2321.77
2019-07-31,2346.52
2019-08-01,2343.48
2019-08-02,2332.77
2019-08-06,2307.74
2019-08-07,2317.51
2019-08-08,2315.69
2019-08-09,2316.33
2019-08-13,2349.69
2019-08-14,2346.56
2019-08-15,2341.26
2019-08-16,2311.48
2019-08-19,2290.58
2019-08-20,2291.74
2019-08-21,2296.66
2019-08-22,2285.76
2019-08-23,2269.79
2019-08-26,2279.11
2019-08-27,2309.34
2019-08-28,2321.36
2019-08-29,2308.49
2019-08-30,2303.8
2019-09-02,2279.89
2019-09-03,2270.07
2019-09-04,2293.35
2019-09-05,2263.96
2019-09-06,2256.51
2019-09-09,2256.51
2019-09-10,2260.18
2019-09-11,2254.35
2019-09-12,2256.73
2019-09-16,2235
2019-09-17,2245.61
2019-09-18,2244.64
2019-09-19,2222.76
2019-09-20,2224.42
2019-09-24,2214.54
2019-09-25,2210.43
2019-09-26,2217.72
2019-09-27,2209.57
2019-09-30,2204.79
2019-10-01,2202.01
2019-10-02,2195.38
2019-10-03,2205.35
2019-10-04,2201.4
2019-10-08,2209.41
2019-10-09,2189.25
2019-10-10,2173.98
2019-10-11,2173.98
2019-10-14,2172.26
2019-10-15,2167.74
2019-10-16,2167.13
2019-10-17,2165.15
2019-10-18,2161.65
2019-10-21,2159.13
2019-10-22,2159.13
2019-10-23,2156
2019-10-24,2156
2019-10-25,2155.46
2019-10-28,2153.16
2019-10-29,2149.33
2019-10-30,2151.83
2019-10-31,2150.66
2019-11-01,2149.7
2019-11-04,2157.64
2019-11-05,2156.64
2019-11-06,2159.98
2019-11-07,2161.35
2019-11-08,2169.48
2019-11-11,2171.6
2019-11-12,2170.69
2019-11-13,2170.69
2019-11-14,2170.86
2019-11-15,2151.51
2019-11-18,2149.86
2019-11-19,2138.01
2019-11-20,2137.35
2019-11-21,2136.82
2019-11-22,2147.89
2019-11-25,2139.52
2019-11-26,2141.26
2019-11-27,2140.27
2019-11-28,2140.25
2019-11-28,2140.25
2019-11-29,2137.91
2019-11-29,2137.91
2019-12-02,2139.2
2019-12-03,2143.77
2019-12-04,2144.62
2019-12-05,2162.05
2019-12-09,2188.37
2019-12-10,2236.47
2019-12-11,2253.45
2019-12-12,2236.09
2019-12-13,2233.17
2019-12-16,2238.62
2019-12-17,2241.11
2019-12-18,2243.57
2019-12-19,2245.87
2019-12-20,2222.86
2019-12-23,2249.86
2019-12-24,2249.86
2019-12-27,2254.61
2019-12-30,2238.55
2019-12-31,2257.15
2020-01-02,2257.15
2020-01-03,2258.68
2020-01-06,2240.35
2020-01-08,2240.35
2020-01-09,2241.15
2020-01-10,2252.13
2020-01-14,2255.92
2020-01-15,2243.97
2020-01-16,2257.45
2020-01-17,2240.42
2020-01-20,2251.45
2020-01-21,2227.85
2020-01-22,2234.21
2020-01-23,2277.37
2020-01-24,2248.75
2020-01-27,2236.29
2020-01-28,2251.33
2020-01-29,2244.17
2020-01-30,2215.32
2020-01-31,2212.21
2020-02-03,2212.21
2020-02-04,2211.19
2020-02-05,2199.34
2020-02-06,2211.08
2020-02-07,2196.72
2020-02-11,2206.62
2020-02-12,2206.15
2020-02-13,2215.92
2020-02-14,2203.63
2020-02-17,2228.14
2020-02-18,2216.97
2020-02-19,2216.97
2020-02-20,2216.97
2020-02-21,2204.47
2020-02-24,2204.35
2020-02-25,2181.52
2020-02-26,2180.31
2020-02-27,2177.11
2020-02-28,2211.89
2020-03-02,2187.43
2020-03-03,2211.12
2020-03-04,2175.58
2020-03-05,2188.05
2020-03-09,2187.42
2020-03-10,2187.42
2020-03-11,2214.24
2020-03-12,2211.3
2020-03-13,2185.81
2020-03-16,2185.81
2020-03-17,2197.69
2020-03-18,2182.66
2020-03-19,2180.9
2020-03-20,2179.02
2020-03-23,2179.02
2020-03-24,2178.41
2020-03-25,2177.87
2020-03-26,2160.9
2020-03-27,2160.52
2020-03-30,2158.85
2020-03-31,2159.61
2020-04-01,2159.38
2020-04-02,2132.72
2020-04-03,2143.09
2020-04-06,2119.4
2020-04-07,2119.4
2020-04-08,2106.95
2020-04-09,2135.24
2020-04-14,2134.04
2020-04-15,2116.74
2020-04-16,2113.7
2020-04-17,2106.58
2020-04-20,2124.62
2020-04-21,2124.62
2020-04-22,2097.14
2020-04-23,2154.44
2020-04-24,2152.63
2020-04-27,2155.9
2020-04-28,2074.91
2020-04-29,2172.7
2020-04-30,2100.74
2020-05-04,2143.9
2020-05-05,2083.72
2020-05-06,2102.74
2020-05-07,2041.96
2020-05-08,2042.05
2020-05-11,2043.6
2020-05-12,2073.21
2020-05-13,2043.11
2020-05-14,1977.63
2020-05-15,1983.83
2020-05-18,2000.8
2020-05-19,1996.79
2020-05-20,1981.93
2020-05-21,2019.68
2020-05-22,2011.97
2020-05-26,2000.12
2020-05-27,1975.81
2020-05-28,1952.12
2020-05-29,1941.03
2020-06-01,1941.03
2020-06-02,1941.03
2020-06-03,1946.14
2020-06-04,1947.54
2020-06-05,1960.63
2020-06-08,1951.41
2020-06-09,1960.61
2020-06-10,1958.06
2020-06-11,1937.65
2020-06-12,1928.66
2020-06-15,1928.66
2020-06-16,1922.27
2020-06-17,1946.08
2020-06-18,1933.65
2020-06-19,1921.29
2020-06-22,1919.85
2020-06-24,1904.24
2020-06-25,1869.2
2020-06-26,1872.79
2020-06-29,1866.9
2020-06-30,1899.9
2020-07-01,1899.34
2020-07-02,1887.65
2020-07-03,1887.65
2020-07-06,1884.03
2020-07-07,1877.53
2020-07-08,1865.69
2020-07-09,1872.77
2020-07-10,1872.77
2020-07-13,1881.45
2020-07-14,1881.45
2020-07-15,1881.45
2020-07-16,1874.21
2020-07-17,1861.24
2020-07-20,1874.62
2020-07-21,1874.62
2020-07-22,1862.77
2020-07-23,1862.77
2020-07-24,1862.77
2020-07-27,1862.77
2020-07-28,1865.79
2020-07-29,1877.64
2020-07-30,1877.64
2020-08-03,1889.49
2020-08-05,1889.49
2020-08-06,1887.67
2020-08-07,1886.4
2020-08-10,1883.45
2020-08-11,1873.39
2020-08-12,1876.41
2020-08-13,1876.41
2020-08-14,1876.41
2020-08-17,1872.85
2020-08-18,1870.5
2020-08-19,1840.68
2020-08-20,1843.1
2020-08-21,1854.94
2020-08-24,1861.19
2020-08-25,1839.4
2020-08-26,1853.66
2020-08-27,1848.55
2020-08-28,1847.04
2020-08-31,1846.59
2020-09-01,1838.55
2020-09-02,1826.26
2020-09-03,1838.11
2020-09-04,1840.07
2020-09-07,1840.07
2020-09-08,1821.21
2020-09-08,1825.74
2020-09-09,1825.28
2020-09-11,1827.8
2020-09-14,1827.8
2020-09-15,1815.77
2020-09-16,1840.7
2020-09-17,1841.38
2020-09-18,1841.38
2020-09-22,1841.38
2020-09-23,1841.38
2020-09-24,1834.47
2020-09-25,1834.47
2020-09-28,1856.56
2020-09-29,1856.56
2020-09-30,1856.56
2020-10-01,1845.66
2020-10-02,1845.66
2020-10-05,1845.63
2020-10-06,1839.79
2020-10-07,1852.62
2020-10-08,1852.62
2020-10-09,1864.32
2020-10-12,1864.32
2020-10-13,1842.83
2020-10-14,1850.96
2020-10-15,1846.41
2020-10-16,1846.11
2020-10-19,1843.95
2020-10-20,1852.3
2020-10-21,1839.05
2020-10-22,1842.85
2020-10-23,1842.85
2020-10-26,1831.11
2020-10-27,1831.11
2020-10-28,1831.11
2020-10-29,1837.27
2020-10-30,1837.27
2020-11-02,1837.27
2020-11-03,1827.35
2020-11-04,1827.35
2020-11-05,1813.79
2020-11-06,1813.79
2020-11-09,1813.46
2020-11-10,1813.46
2020-11-11,1813.27
2020-11-12,1821.72
2020-11-13,1821.72
2020-11-16,1821.83
2020-11-17,1821.83
2020-11-18,1810.09
2020-11-19,1810.09
2020-11-20,1821.83
2020-11-23,1822.09
2020-11-24,1822.22
2020-11-25,1819.28
2020-11-26,1806.94
2020-11-27,1806.94
2020-11-30,1818.68
2020-12-01,1818.68
2020-12-02,1820.22
2020-12-03,1820.22
2020-12-08,1820.22
2020-12-08,1848.29
2020-12-09,1848.29
2020-12-10,1836.54
2020-12-11,1854.32
2020-12-14,1866.06
2020-12-15,1883.31
2020-12-16,1886.86
2020-12-17,1893.1
2020-12-18,1893.1
2020-12-18,1893.1
2020-12-21,1895.55
2020-12-22,1893.1
2020-12-23,1893.1
2020-12-24,1909.87
2020-12-29,1909.87
2020-12-30,1916.3
2020-12-31,1941.59